word,id,property,question,sparql
admit,89,admittancedate,SELECT DISTINCT ?date WHERE { <http://dbpedia.org/resource/Alberta> <http://dbpedia.org/property/admittancedate> ?date },When was Alberta admitted as province?
air,226,completionDate,SELECT ?date WHERE { dbr:Friends dbo:completionDate ?date },When was the last episode of the TV series Friends aired? 
assassinate,77,deathPlace,SELECT DISTINCT ?uri WHERE { <http://dbpedia.org/resource/John_F._Kennedy> <http://dbpedia.org/ontology/deathPlace> ?uri },Where was JFK assassinated? 
attend,248,almaMater,SELECT DISTINCT ?university WHERE { res:Angela_Merkel dbo:almaMater ?university },Which university did Angela Merkel attend?
  ,266,almaMater,ASK WHERE { res:Arnold_Schwarzenegger dbo:almaMater ?x . ?x rdf:type dbo:University },Did Arnold Schwarzenegger attend a university?
bear,243,birthYear,SELECT DISTINCT ?uri WHERE { res:Rachel_Stevens dbo:birthYear ?uri },In which year was Rachel Stevens born? 
  ,252,birthDate,SELECT DISTINCT ?date WHERE { res:John_Adams dbo:birthDate ?date },When was John Adams born?
bear_in  ,3,birthPlace,SELECT DISTINCT ?uri WHERE { ?uri rdf:type onto:Person $ onto:birthPlace res:Heraklion. },Which people were born in Heraklion? 
  ,40,birthPlace,SELECT DISTINCT ?uri WHERE { ?uri a <http://dbpedia.org/ontology/Swimmer> $ <http://dbpedia.org/ontology/birthPlace> <http://dbpedia.org/resource/Moscow> },Give all swimmers that were born in Moscow. 
  ,43,birthDate,"SELECT DISTINCT ?uri WHERE { ?uri a <http://dbpedia.org/ontology/President> ; <http://dbpedia.org/ontology/birthDate> ?date FILTER regex(?date, ""^1945"") }",Which presidents were born in 1945? 
  ,69,birthPlace,SELECT DISTINCT ?uri WHERE { ?uri <http://www.w3.org/1999/02/22-rdf-syntax-ns#type> <http://dbpedia.org/ontology/Actor> . ?uri <http://dbpedia.org/ontology/birthPlace> <http://dbpedia.org/resource/Paris> . ?uri <http://dbpedia.org/ontology/birthDate> ?date . FILTER ( ?date >= xsd:dateTime('1950-12-31T00:00:00Z')) },Give me all actors who were born in Paris after 1950. 
,82,birthPlace,SELECT DISTINCT ?uri WHERE { ?uri a <http://dbpedia.org/ontology/Actor> { ?uri <http://dbpedia.org/ontology/birthPlace> <http://dbpedia.org/resource/Germany> } UNION { ?uri <http://dbpedia.org/ontology/birthPlace> ?place . ?place <http://dbpedia.org/ontology/country> <http://dbpedia.org/resource/Germany> } },Which actors were born in Germany? 
  ,86,birthPlace,SELECT DISTINCT ?uri WHERE { ?uri a <http://dbpedia.org/ontology/Actor> $ <http://dbpedia.org/ontology/birthPlace> <http://dbpedia.org/resource/Berlin> },Give me all actors who were born in Berlin. 
  ,169,birthPlace,SELECT DISTINCT ?uri WHERE { ?uri a <http://dbpedia.org/ontology/ChessPlayer> $ <http://dbpedia.org/ontology/birthPlace> ?x  <http://dbpedia.org/ontology/deathPlace> ?y FILTER ( ?x = ?y ) },Which Chess players died in the same place they were born in? 
  ,179,birthPlace,SELECT DISTINCT ?uri WHERE { ?uri <http://dbpedia.org/ontology/birthPlace> <http://dbpedia.org/resource/Vienna> $ <http://dbpedia.org/ontology/deathPlace> <http://dbpedia.org/resource/Berlin> },Give me all people that were born in Vienna and died in Berlin. 
  ,318,birthPlace,ASK WHERE { res:Natalie_Portman dbo:birthPlace ?city . ?city dbo:country res:United_States },Was Natalie Portman born in the United States? 
bear_on  ,79,birthDate,SELECT DISTINCT ?uri WHERE { ?uri a <http://dbpedia.org/ontology/Person> { ?uri <http://dbpedia.org/ontology/birthDate> ?date } UNION { ?uri <http://dbpedia.org/property/birthDate> ?date } <http://dbpedia.org/resource/Halloween> <http://dbpedia.org/property/date> ?date },Show me everyone who was born on Halloween.
  ,139,birthPlace,SELECT DISTINCT ?uri WHERE { ?uri a <http://dbpedia.org/ontology/SoccerPlayer> $ <http://dbpedia.org/ontology/birthPlace> <http://dbpedia.org/resource/Malta> },Which soccer players were born on Malta? 
belong_to,59,country,SELECT DISTINCT ?uri WHERE { ?uri a <http://dbpedia.org/ontology/Island> $ <http://dbpedia.org/ontology/country> <http://dbpedia.org/resource/Japan> },Give me all islands that belong to Japan.
  ,255,species,SELECT ?species WHERE { dbr:Elephant dbp:species ?species },Which species does an elephant belong? 
border,36,borderingstates,SELECT DISTINCT ?uri WHERE { <http://dbpedia.org/resource/Illinois> <http://dbpedia.org/property/borderingstates> ?uri },Which states border Illinois? 
build,35,beginningDate,SELECT DISTINCT ?date WHERE { <http://dbpedia.org/resource/Statue_of_Liberty> <http://dbpedia.org/property/beginningDate> ?date },When was the Statue of Liberty built? 
bury,95,burialPlace,SELECT DISTINCT ?uri WHERE { <http://dbpedia.org/resource/Juliana_of_the_Netherlands> <http://dbpedia.org/property/burialPlace> ?uri . ?uri a <http://dbpedia.org/ontology/Settlement> },In which city was the former Dutch queen Juliana buried? 
  ,333,restingPlace,SELECT DISTINCT ?uri WHERE { res:Syngman_Rhee dbo:restingPlace ?uri },Where is Syngman Rhee buried? 
bury_in  ,359,restingPlace,SELECT ?uri WHERE { ?uri dbo:restingPlace dbr:Great_Pyramid_of_Giza },Who was buried in the Great Pyramid of Giza? 
cast_in,133,starring,SELECT DISTINCT ?uri WHERE { ?uri <http://www.w3.org/1999/02/22-rdf-syntax-ns#type> <http://dbpedia.org/ontology/Actor> . ?f <http://www.w3.org/1999/02/22-rdf-syntax-ns#type> <http://dbpedia.org/ontology/Film> . ?f <http://dbpedia.org/ontology/starring> ?uri . } ORDER BY DESC(COUNT(DISTINCT(?f))) OFFSET 0 LIMIT 1,Which actor was casted in the most movies? 
come_up,258,knownFor,SELECT (COUNT(?uri) AS ?count) WHERE { dbr:Albert_Einstein dbo:knownFor ?uri },How many theories did Albert Einstein come up with? 
  ,271,nationality,SELECT DISTINCT ?uri WHERE { res:Miffy dbo:creator ?x . ?x dbo:nationality ?uri },Which country does the creator of Miffy come from? 
commence,356,date,SELECT DISTINCT ?d WHERE { res:Operation_Overlord dbo:date ?d },When did Operation Overlord commence? 
complete,325,completionDate,SELECT DISTINCT ?date WHERE { res:RMS_Titanic dbo:completionDate ?date },When was the Titanic completed? 
compose,259,musicComposer,SELECT DISTINCT ?uri WHERE { <http://dbpedia.org/resource/Titanic_(1997_film)> dbo:musicComposer ?uri },Who composed the soundtrack for Cameron's Titanic? 
  ,330,musicComposer,SELECT DISTINCT ?uri WHERE { res:Harold_and_Maude dbo:musicComposer ?uri },Who composed the music for Harold and Maude? 
cost,329,budget,SELECT DISTINCT ?n WHERE { res:The_Lego_Movie dbo:budget ?n },How much did the Lego Movie cost? 
  ,342,budget,SELECT DISTINCT ?n WHERE { res:Pulp_Fiction dbo:budget ?n },How much did Pulp Fiction cost? 
create,19,creator,SELECT DISTINCT ?uri WHERE { res:Captain_America dbo:creator ?uri },Who created the comic Captain America? 
  ,87,creator,SELECT DISTINCT ?uri WHERE { <http://dbpedia.org/resource/Goofy> <http://dbpedia.org/ontology/creator> ?uri },Who created Goofy? 
  ,137,creator,SELECT DISTINCT ?uri WHERE { ?uri a <http://dbpedia.org/ontology/TelevisionShow> $ <http://dbpedia.org/ontology/creator> <http://dbpedia.org/resource/John_Cleese> },Which television shows were created by John Cleese? 
  ,200,author,SELECT DISTINCT ?uri WHERE { res:Wikipedia dbo:author ?uri },Who created Wikipedia? 
  ,210,creator,SELECT DISTINCT ?uri WHERE { res:Batman dbo:creator ?uri },Who created Batman? 
  ,321,creator,SELECT DISTINCT ?uri WHERE { ?uri rdf:type dbo:TelevisionShow ; dbo:creator res:Walt_Disney },Which television shows were created by Walt Disney?
  ,365,creator,SELECT DISTINCT ?uri WHERE { res:Family_Guy dbo:creator ?uri },Who created Family Guy? 
cross,48,crosses,SELECT DISTINCT ?uri WHERE { ?uri a <http://dbpedia.org/ontology/Bridge> $ <http://dbpedia.org/ontology/crosses> <http://dbpedia.org/resource/Seine> },Which bridges cross the Seine? 
  ,224,crosses,SELECT DISTINCT ?uri WHERE { res:Brooklyn_Bridge dbo:crosses ?uri },Which river does the Brooklyn Bridge cross? 
design,350,architect,SELECT DISTINCT ?uri WHERE { res:Brooklyn_Bridge dbo:architect ?uri },Who designed the Brooklyn Bridge? 
develope,2,developer,SELECT DISTINCT ?uri WHERE { res:Skype dbo:developer ?uri. },Who developed Skype? 
  ,14,designer,SELECT DISTINCT ?uri WHERE { ?uri rdf:type dbo:Weapon $ dbp:designer ?x . res:Uzi dbp:designer ?x FILTER ( ?uri != res:Uzi ) },Which other weapons did the designer of the Uzi develop?
  ,125,developer,SELECT DISTINCT ?uri WHERE { ?uri a <http://dbpedia.org/ontology/Software> . ?company a <http://dbpedia.org/ontology/Company> . ?uri <http://dbpedia.org/ontology/developer> ?company . ?company <http://dbpedia.org/ontology/foundationPlace> <http://dbpedia.org/resource/California> },Which software has been developed by organizations founded in California?
  ,37,developer,SELECT DISTINCT ?uri WHERE { <http://dbpedia.org/resource/Minecraft> <http://dbpedia.org/ontology/developer> ?uri },Who developed Minecraft? 
  ,232,developer,SELECT DISTINCT ?uri WHERE { res:World_of_Warcraft dbo:developer ?uri },Who developed the video game World of Warcraft? 
  ,241,product,SELECT DISTINCT ?uri WHERE { ?uri dbo:product <http://dbpedia.org/resource/Slack_(software)> },Who developed Slack? 
developed_by,153,designer,SELECT DISTINCT ?uri WHERE { ?uri a <http://dbpedia.org/ontology/Weapon> $ <http://dbpedia.org/property/designer> <http://dbpedia.org/resource/Heckler_&_Koch> },Which weapons did Heckler & Koch develop?
die,7,deathPlace,SELECT DISTINCT ?uri WHERE { res:Abraham_Lincoln dbo:deathPlace ?uri. },Where did Abraham Lincoln die? 
  ,38,deathPlace,SELECT DISTINCT ?uri WHERE { <http://dbpedia.org/resource/Hillel_Slovak> <http://dbpedia.org/ontology/deathPlace> ?uri },Where did Hillel Slovak die? 
  ,399,deathPlace,SELECT DISTINCT ?uri WHERE { res:John_F._Kennedy dbo:deathPlace ?uri . ?uri rdf:type dbo:City },In which city did John F. Kennedy die? 
die_in,169,birthPlace,SELECT DISTINCT ?uri WHERE { ?uri a <http://dbpedia.org/ontology/ChessPlayer> $ <http://dbpedia.org/ontology/birthPlace> ?x $ <http://dbpedia.org/ontology/deathPlace> ?y FILTER ( ?x = ?y ) },Which Chess players died in the same place they were born in? 
die_from,372,deathCause,SELECT DISTINCT ?uri WHERE { res:Bruce_Carver dbo:deathCause ?uri },What did Bruce Carver die from? 
directed_by,9,director,SELECT DISTINCT ?uri WHERE { ?x dbo:director res:William_Shatner $ dbo:starring res:William_Shatner { ?x dbo:starring ?uri } UNION { ?x dbp:starring ?uri } },Give me all actors starring in movies directed by and starring William Shatner. 
directed_by ,12,director,SELECT DISTINCT ?uri WHERE { ?uri rdf:type dbo:Film $ dbo:starring res:Brad_Pitt $ dbo:director res:Guy_Ritchie },Which movies starring Brad Pitt were directed by Guy Ritchie? 
directed_by,63,director,,In which films directed by Garry Marshall was Julia Roberts starring? [directed_by=dbo:director]
directed_by  ,286,director,SELECT DISTINCT ?uri WHERE { ?x dbo:director res:William_Shatner $ dbo:starring ?uri },Give me all actors starring in movies directed by William Shatner. [directed_by=dbo:director]
directed_by,213,director,,Give me all movies directed by Francis Ford Coppola. [directed_by=dbo:director]
directed_by ,389,director,SELECT DISTINCT ?uri WHERE { ?uri rdf:type dbo:Film $ dbo:starring res:Mickey_Rourke $ dbo:director res:Guy_Ritchie },Which movies starring Mickey Rourke were directed by Guy Ritchie? [directed_by=dbo:director]
direct ,56,director,SELECT COUNT(DISTINCT ?uri AS ?uri) WHERE { ?uri <http://dbpedia.org/ontology/director> <http://dbpedia.org/resource/Park_Chan-wook> . },How many movies did Park Chan-wook direct? 
  ,124,starring,SELECT DISTINCT ?uri WHERE { ?uri <http://dbpedia.org/ontology/director> <http://dbpedia.org/resource/Clint_Eastwood> $ <http://dbpedia.org/ontology/starring> <http://dbpedia.org/resource/Clint_Eastwood> },Which films starring Clint Eastwood did he direct himself? 
,282,director,SELECT DISTINCT ?uri WHERE { ?uri dbo:director res:Stanley_Kubrick },Which films did Stanley Kubrick direct? [direct=dbo:director]
discover,191,discoverer,SELECT DISTINCT ?uri WHERE { <http://dbpedia.org/resource/Ceres_(dwarf_planet)> dbo:discoverer ?uri },Who discovered Ceres? [discovered=dbo:discoverer ]
  ,413,discoverer,SELECT ?uri WHERE { dbr:Pluto dbo:discoverer ?uri },Who discovered Pluto? [discovered=dbo:discoverer ]
dissolve,368,dissolutionDate,SELECT DISTINCT ?date WHERE { res:Ming_dynasty dbo:dissolutionDate ?date },When did the Ming dynasty dissolve? [dissolve=dbo:dissolutionDate]
erupt,47,eruptionYear,SELECT DISTINCT ?uri WHERE { ?uri a <http://dbpedia.org/ontology/Volcano> $ <http://dbpedia.org/ontology/locatedInArea> <http://dbpedia.org/resource/Japan> $ <http://dbpedia.org/ontology/eruptionYear> ?date FILTER ( year(?date) >= 2000 ) },Which volcanos in Japan erupted since 2000? [erupted=dbo:eruptionYear]
establish,113,established,SELECT DISTINCT ?uri WHERE { ?uri a <http://dbpedia.org/ontology/Library> $ <http://dbpedia.org/property/established> ?year FILTER ( ?year < 1400 ) },Give me all libraries established earlier than 1400. [established=dbp:established ]
flow into,57,inflow,SELECT DISTINCT ?uri WHERE { ?uri a <http://dbpedia.org/ontology/River> . ?x <http://dbpedia.org/ontology/inflow> ?uri $ a <http://dbpedia.org/ontology/Lake> $ <http://dbpedia.org/ontology/country> <http://dbpedia.org/resource/Germany> },Which rivers flow into a German lake? [flow_into=dbo:inflow]
found,92,founded,SELECT DISTINCT ?date WHERE { <http://dbpedia.org/resource/Hells_Angels> <http://dbpedia.org/property/founded> ?date },When were the Hells Angels founded? [founded=dbp:founded]
  ,190,foundedBy,SELECT ?uri WHERE { ?uri rdf:type dbo:Pope . res:Vatican_Television_Center dbo:foundedBy ?uri },Who was the pope that founded the Vatican Television? [founded=dbo:foundedBy]
found_in,18,formationYear,"SELECT DISTINCT ?uri WHERE { ?uri rdf:type dbo:Organisation { ?uri dbo:formationYear ?date } UNION { ?uri dbo:foundingYear ?date } UNION { ?uri dbp:foundation ?date } UNION { ?uri dbp:formation ?date } FILTER regex(?date, ""^1950"") }",Which organizations were founded in 1950? [founded_in=dbo:formationYear]
  ,125,foundationPlace,SELECT DISTINCT ?uri WHERE { ?uri a <http://dbpedia.org/ontology/Software> . ?company a <http://dbpedia.org/ontology/Company> . ?uri <http://dbpedia.org/ontology/developer> ?company . ?company <http://dbpedia.org/ontology/foundationPlace> <http://dbpedia.org/resource/California> },Which software has been developed by organizations founded in California? [founded_in=dbo:foundationPlace]
  ,150,foundingYear,"SELECT DISTINCT ?uri WHERE { ?uri a <http://dbpedia.org/ontology/Organisation> { ?uri <http://dbpedia.org/ontology/formationYear> ?date } UNION { ?uri <http://dbpedia.org/ontology/foundingYear> ?date } FILTER regex(?date, ""^1930"") }",Which organizations were founded in 1930? [found_in=dbo:foundingYear]
  ,263,foundationPlace,SELECT DISTINCT ?uri WHERE { ?uri rdf:type dbo:Company $ dbo:industry res:Electronics $ dbo:foundationPlace res:Beijing },Which electronics companies were founded in Beijing? [founded_in=dbo:foundationPlace]
graduate_from,140,almaMater,SELECT (COUNT(DISTINCT ?uri) AS ?c) WHERE { ?uri <http://dbpedia.org/ontology/profession> <http://dbpedia.org/resource/Politician> $ <http://dbpedia.org/ontology/almaMater> <http://dbpedia.org/resource/Columbia_University> },How many politicians graduated from Columbia University? [graduated_from=dbo:almaMater]
grow_in,323,growingGrape,SELECT DISTINCT ?uri WHERE { res:Oregon_wine dbo:growingGrape ?uri },Which types of grapes grow in Oregon?
influence,122,influencedBy,SELECT DISTINCT ?uri WHERE { ?uri a <http://dbpedia.org/ontology/ProgrammingLanguage> $ <http://dbpedia.org/ontology/influenced> <http://dbpedia.org/resource/JavaScript> },Which programming languages influenced Javascript? [influenced=dbo:influenced]
  ,361,influencedBy,ASK WHERE { res:Aristotle dbo:influencedBy res:Socrates },Did Socrates influence Aristotle? [influence=dbo:influencedBy]
influence_by,114,influencedBy,SELECT DISTINCT ?uri WHERE { ?uri a <http://dbpedia.org/ontology/ProgrammingLanguage> { ?uri <http://dbpedia.org/ontology/influencedBy> <http://dbpedia.org/resource/Perl> } UNION { <http://dbpedia.org/resource/Perl> <http://dbpedia.org/ontology/influenced> ?uri } },Which programming languages were influenced by Perl? [influenced_by=dbo:influencedBy]
inspire_by,339,influenced,SELECT DISTINCT ?uri WHERE { ?uri dbo:influenced res:Vincent_van_Gogh },Who was Vincent van Gogh inspired by? [inspired_by=dbo:influenced]
involve_in,324,battle,ASK WHERE { res:Andrew_Jackson dbo:battle ?battle },Was U.S. president Jackson involved in a war? [involved_in=dbo:battle]
join,138,accessioneudate,SELECT DISTINCT ?date WHERE { <http://dbpedia.org/resource/Latvia> <http://dbpedia.org/property/accessioneudate> ?date },When did Latvia join the EU? [join=dbp:accessioneudate]
kill,99,conviction,SELECT DISTINCT ?uri WHERE { ?uri a <http://dbpedia.org/ontology/Person> $ <http://dbpedia.org/property/conviction> <http://dbpedia.org/resource/Death_of_John_Lennon> },Who killed John Lennon? [killed=dbp:conviction]
know_for,328,knownFor,SELECT DISTINCT ?uri WHERE { ?uri dbo:knownFor res:Manhattan_Project $rdf:type dbo:Scientist $ dbo:knownFor res:Nobel_Peace_Prize },Which scientist is known for the Manhattan Project and the Nobel Peace Prize? [known_for=dbo:knownFor]
launch_from,167,launchSite,SELECT DISTINCT ?uri WHERE { ?uri a <http://dbpedia.org/ontology/Rocket> $ <http://dbpedia.org/ontology/launchSite> <http://dbpedia.org/resource/Baikonur_Cosmodrome> },Which rockets were launched from Baikonur? [launched_from=dbo:launchSite]
live,377,residence,SELECT DISTINCT ?uri WHERE { ?uri rdf:type dbo:City . res:Sylvester_Stallone dbo:residence ?uri },In which city does Sylvester Stallone live? [live=dbo:residence]
live_in,225,populationTotal,SELECT DISTINCT ?uri WHERE { res:Poland dbo:populationTotal ?uri },How many people live in Poland? [live_in=dbo:populationTotal]
marry_to,17,spouse,SELECT DISTINCT ?uri WHERE { ?uri rdf:type dbo:Monarch $ dbo:spouse ?spouse { ?spouse dbo:birthPlace res:Germany } UNION { ?spouse dbo:birthPlace ?p . ?p dbo:country res:Germany } },Which monarchs were married to a German? [married_to=dbo:spouse]
  ,27,spouse,SELECT DISTINCT ?uri WHERE { res:Ingrid_Bergman dbo:child ?child . ?child <http://dbpedia.org/property/spouse> ?uri },Who is the daughter of Ingrid Bergman married to? [married_to=dbp:spouse]
  ,152,spouse,SELECT DISTINCT ?uri WHERE { ?uri <http://dbpedia.org/ontology/spouse> <http://dbpedia.org/resource/Tom_Cruise> },Who has Tom Cruise been married to? [married_to=dbo:spouse]
  ,302,spouse,SELECT DISTINCT ?uri WHERE { res:Jacques_Chirac dbo:spouse ?uri },Who was married to president Chirac? [married_to=dbo:spouse]
need,199,ingredient,SELECT DISTINCT ?uri WHERE { res:Carrot_cake dbo:ingredient ?uri },Which ingredients do I need for carrot cake? [need_for=dbo:ingredient]
operate,231,operator,SELECT DISTINCT ?uri WHERE { ?uri rdf:type dbo:LaunchPad $ dbo:operator res:NASA },Give me all launch pads operated by NASA. [operated_by=dbo:operator]
originate,80,origin,SELECT DISTINCT ?uri WHERE { ?uri <http://dbpedia.org/property/type> <http://dbpedia.org/resource/Beer> $ <http://dbpedia.org/ontology/origin> <http://dbpedia.org/resource/Beer_in_Ireland> },Which beer originated in Ireland? [originated_in=dbo:origin]
pay,44,genre,SELECT DISTINCT ?uri WHERE { <http://dbpedia.org/resource/Lou_Reed> <http://dbpedia.org/ontology/genre> ?uri },What kind of music did Lou Reed play? [pay=dbo:genre]
play  ,45,ballpark,SELECT DISTINCT ?uri WHERE { <http://dbpedia.org/resource/Boston_Red_Sox> <http://dbpedia.org/property/ballpark> ?uri },Where do the Red Sox play? [play=dbp:ballpark]
  ,112,portrayer,SELECT DISTINCT ?uri WHERE { <http://dbpedia.org/resource/Chewbacca> <http://dbpedia.org/ontology/portrayer> ?uri },Which actor played Chewbacca? [played=dbo:portrayer]
  ,126,instrument,SELECT DISTINCT ?uri WHERE { <http://dbpedia.org/resource/Cat_Stevens> <http://dbpedia.org/ontology/instrument> ?uri },Which instruments does Cat Stevens play? [play=dbo:instrument]
  ,162,portrayer,SELECT DISTINCT ?uri WHERE { res:Agent_Smith <http://dbpedia.org/ontology/portrayer> ?uri },Who played Agent Smith in Matrix? [played_X_in=dbo:portrayer]
  ,164,instrument,SELECT DISTINCT ?uri WHERE { ?uri <http://dbpedia.org/ontology/occupation> <http://dbpedia.org/resource/Bandleader> $ <http://dbpedia.org/ontology/instrument> <http://dbpedia.org/resource/Trumpet> },Give me a list of all bandleaders that play trumpet. [play=dbo:instrument]
  ,204,portrayer,SELECT DISTINCT ?uri WHERE { res:Gus_Fring dbo:portrayer ?uri },Who played Gus Fring in Breaking Bad? [play_X_in=dbo:portrayer]
  ,390,starring,SELECT DISTINCT ?uri WHERE { ?uri rdf:type dbo:Film $ dbo:starring res:Julia_Roberts $ dbo:starring res:Richard_Gere },In which films did Julia Roberts as well as Richard Gere play? [play=dbo:starring]
play,334,team,ASK WHERE { res:Neymar dbo:team <http://dbpedia.org/resource/Real_Madrid_C.F.> },Does Neymar play for Real Madrid?Real_Madrid_C.F. [play_for=dbo:team]
,39,starring,SELECT DISTINCT ?uri WHERE { ?uri a <http://dbpedia.org/ontology/Film> $ <http://dbpedia.org/ontology/starring> <http://dbpedia.org/resource/Jesse_Eisenberg> },What movies does Jesse Eisenberg play in? [pay_in=dbo:starring]
produce,50,producer,SELECT (COUNT(DISTINCT ?uri) AS ?c) WHERE { ?uri <http://dbpedia.org/ontology/producer> <http://dbpedia.org/resource/Hal_Roach> },How many films did Hal Roach produce? [produce=dbo:producer]
  ,84,producer,SELECT DISTINCT ?uri WHERE { ?film <http://www.w3.org/1999/02/22-rdf-syntax-ns#type> <http://dbpedia.org/ontology/Film> . ?film <http://dbpedia.org/ontology/producer> ?uri . } ORDER BY DESC(COUNT(?film)) OFFSET 0 LIMIT 1,Who produced the most films? [produced=dbo:producer]
  ,184,producer,SELECT DISTINCT ?uri WHERE { ?film a <http://dbpedia.org/ontology/Film> $ <http://dbpedia.org/ontology/starring> <http://dbpedia.org/resource/Natalie_Portman> $ <http://dbpedia.org/ontology/producer> ?uri },Who produced films starring Natalie Portman? [produced=dbo:producer]
  ,253,product,SELECT DISTINCT ?uri WHERE { ?uri rdf:type dbo:Company $ dbo:product res:Hovercraft },Which companies produce hovercrafts? [produce=dbo:product]
  ,387,wineProduced,SELECT DISTINCT ?uri WHERE { ?uri dbo:wineProduced res:Sparkling_wine $ dbo:location res:France },Where in France is sparkling wine produced? [produced=dbo:wineProduced]
produce_by,161,producer,SELECT DISTINCT ?uri WHERE { ?uri a <http://dbpedia.org/ontology/Film> $ <http://dbpedia.org/ontology/producer> <http://dbpedia.org/resource/Hal_Roach> },Give me all films produced by Hal Roach. [produced_by=dbo:producer]
  ,182,director,SELECT DISTINCT ?uri WHERE { ?uri <http://www.w3.org/1999/02/22-rdf-syntax-ns#type> <http://dbpedia.org/ontology/Film> . ?uri <http://dbpedia.org/ontology/director> <http://dbpedia.org/resource/Steven_Spielberg> . ?uri <http://dbpedia.org/ontology/budget> ?b . FILTER( xsd:double(?b) >= 8.0E7 ) },Give me all films produced by Steven Spielberg with a budget of at least $80 million. [produced_by=dbo:director]
  ,345,producer,SELECT DISTINCT ?uri WHERE { ?film rdf:type dbo:Film $ dbo:country res:Spain $ dbo:producer res:Benicio_del_Toro $ dbo:starring ?uri . ?uri rdf:type dbo:Person },Who is starring in Spanish movies produced by Benicio del Toro? [produced_by=dbo:producer]
publish,295,publisher,SELECT DISTINCT ?uri WHERE { ?uri rdf:type dbo:VideoGame $ dbo:publisher res:Mean_Hamster_Software },Give me all video games published by Mean Hamster Software. [published_by=dbo:publisher]
  ,378,publisher,SELECT DISTINCT ?uri WHERE { ?uri rdf:type dbo:Book $ dbo:publisher res:Viking_Press $ dbo:author res:Jack_Kerouac },Which books by Kerouac were published by Viking Press? [published_by=dbo:publisher]
release,136,releaseDate,SELECT DISTINCT ?uri WHERE { ?uri <http://www.w3.org/1999/02/22-rdf-syntax-ns#type> <http://dbpedia.org/ontology/Song> . ?uri <http://dbpedia.org/ontology/artist> <http://dbpedia.org/resource/Bruce_Springsteen> . ?uri <http://dbpedia.org/ontology/releaseDate> ?date . FILTER (?date >= '1980-01-01'^^xsd:date && ?date <= '1990-12-31'^^xsd:date) },Show me all songs from Bruce Springsteen released between 1980 and 1990. [released=dbo:releaseDate]
run_through,55,country,SELECT DISTINCT ?uri WHERE { <http://dbpedia.org/resource/Himalayas> <http://dbpedia.org/ontology/country> ?country . ?country <http://dbpedia.org/ontology/capital> ?uri },Give me the capitals of all countries that the Himalayas run through. [run_through=dbo:country]
serve,8,targetAirport,SELECT DISTINCT ?uri WHERE { res:Air_China dbo:targetAirport ?uri },Which airports does Air China serve? [serve=dbo:targetAirport]
  ,196,targetAirport,SELECT DISTINCT ?uri WHERE { res:Yeti_Airlines dbo:targetAirport ?uri },Which airports does Yeti Airlines serve? [serve=dbo:targetAirport]
  ,373,targetAirport,SELECT DISTINCT ?uri WHERE { res:Lufthansa dbo:subsidiary ?uri . ?uri dbo:targetAirport res:Dortmund_Airport $ dbo:targetAirport res:Berlin_Tegel_Airport },Which subsidiary of Lufthansa serves both Dortmund and Berlin Tegel? [serves=dbo:targetAirport]
speak,406,language,SELECT DISTINCT ?uri WHERE { ?uri rdf:type dbo:Country $ dbo:language res:Japanese_language },In which countries do people speak Japanese? [speak=dbo:language]
speak_in,187,spokenIn,SELECT DISTINCT ?uri WHERE { ?uri <http://dbpedia.org/ontology/spokenIn> <http://dbpedia.org/resource/Estonia> },Which languages are spoken in Estonia? [spoken_in=dbo:spokenIn]
  ,307,language,SELECT (COUNT(DISTINCT ?x) AS ?c) WHERE { res:Turkmenistan dbo:language ?x },How many languages are spoken in Turkmenistan? [spoken_in=dbo:language]
  ,385,language,SELECT (COUNT(DISTINCT ?uri) AS ?c) WHERE { ?uri rdf:type dbo:Language . res:Colombia dbo:language ?uri },How many languages are spoken in Colombia? [spoken_in=dbo:language]
stand,159,abbreviation,"SELECT DISTINCT ?uri WHERE { ?uri <http://dbpedia.org/ontology/abbreviation> ""ICRO"" }",What does ICRO stand for? [stand_fordbo:abbreviation]
  ,322,abbreviation,"SELECT DISTINCT ?uri WHERE { ?uri dbo:abbreviation ""IYCM"" }",What does IYCM stand for? [stand_for=dbo:abbreviation]
star  ,63,starring,SELECT DISTINCT ?uri WHERE { ?uri a <http://dbpedia.org/ontology/Film> $ <http://dbpedia.org/ontology/starring> <http://dbpedia.org/resource/Julia_Roberts> $ <http://dbpedia.org/ontology/director> <http://dbpedia.org/resource/Garry_Marshall> },In which films directed by Garry Marshall was Julia Roberts starring? [starring=dbo:starring]
  ,124,starring,SELECT DISTINCT ?uri WHERE { ?uri <http://dbpedia.org/ontology/director> <http://dbpedia.org/resource/Clint_Eastwood> $ <http://dbpedia.org/ontology/starring> <http://dbpedia.org/resource/Clint_Eastwood> },Which films starring Clint Eastwood did he direct himself? [starring=dbo:starring]
  ,131,starring,ASK WHERE { res:Batman_Begins dbo:starring res:Christian_Bale },Is Christian Bale starring in Batman Begins? [starring=dbo:starring]
  ,184,starring,SELECT DISTINCT ?uri WHERE { ?film a <http://dbpedia.org/ontology/Film> $ <http://dbpedia.org/ontology/starring> <http://dbpedia.org/resource/Natalie_Portman> $ <http://dbpedia.org/ontology/producer> ?uri },Who produced films starring Natalie Portman? [starring=dbo:starring]
  ,389,starring,SELECT DISTINCT ?uri WHERE { ?uri rdf:type dbo:Film $ dbo:starring res:Mickey_Rourke $ dbo:director res:Guy_Ritchie },Which movies starring Mickey Rourke were directed by Guy Ritchie? [starring=dbo:starring]
,9,starring,SELECT DISTINCT ?uri WHERE { ?x dbo:director res:William_Shatner $ dbo:starring res:William_Shatner { ?x dbo:starring ?uri } UNION { ?x dbp:starring ?uri } },Give me all actors starring in movies directed by and starring William Shatner. [starring_in=dbo:starring]
  ,286,starring,SELECT DISTINCT ?uri WHERE { ?x dbo:director res:William_Shatner $ dbo:starring ?uri },Give me all actors starring in movies directed by William Shatner. [starring_in=dbo:starring]
  ,314,starring,ASK WHERE { res:Velvet_Goldmine dbo:starring res:Christian_Bale },Is Christian Bale starring in Velvet Goldmine? [starring_in=dbo:starring]
  ,345,starring,SELECT DISTINCT ?uri WHERE { ?film rdf:type dbo:Film $ dbo:country res:Spain $ dbo:producer res:Benicio_del_Toro $ dbo:starring ?uri . ?uri rdf:type dbo:Person },Who is starring in Spanish movies produced by Benicio del Toro? [starring_in=dbo:starring]
  ,412,starring,SELECT DISTINCT ?uri WHERE { res:Last_Action_Hero dbo:starring ?uri },Give me all actors starring in Last Action Hero. [starring_in=dbo:starring]
start,205,sourceCountry,SELECT DISTINCT ?uri WHERE { res:Nile dbo:sourceCountry ?uri },In which country does the Nile start? [start=dbo:sourceCountry]
  ,281,date,SELECT ?Date WHERE { dbr:2018_FIFA_World_Cup dbp:date ?Date } ORDER BY DESC(?Date) LIMIT 1,When will start the final match of the football world cup 2018 [start=dbp:date]?
  ,395,sourceCountry,SELECT DISTINCT ?uri WHERE { res:Ganges dbo:sourceCountry ?uri },In which country does the Ganges start? [start=dbo:sourceCountry]
study,67,almaMater,SELECT DISTINCT ?uri WHERE { <http://dbpedia.org/resource/Eiffel_Tower> <http://dbpedia.org/ontology/architect> ?x . ?x <http://dbpedia.org/property/almaMater> ?uri },Where did the architect of the Eiffel Tower study? [study=dbo:almaMater]
,100,almaMater,SELECT DISTINCT ?uri WHERE { ?uri a <http://dbpedia.org/ontology/Writer> { ?uri <http://dbpedia.org/ontology/almaMater> ?x } UNION { ?uri <http://dbpedia.org/ontology/education> ?x } { ?x <http://dbpedia.org/ontology/city> <http://dbpedia.org/resource/Istanbul> } UNION { ?x <http://dbpedia.org/property/city> <http://dbpedia.org/resource/Istanbul> } },Which writers studied in Istanbul? [studied_in=dbo:almaMater]
succeed,72,successor,SELECT DISTINCT ?uri WHERE { <http://dbpedia.org/resource/Pope_John_Paul_II> <http://dbpedia.org/property/successor> ?uri },Which pope succeeded John Paul II? [succeeded=dbo:successor]
win,33,award,SELECT DISTINCT ?uri WHERE { ?uri a <http://dbpedia.org/ontology/Writer> $ <http://dbpedia.org/ontology/award> <http://dbpedia.org/resource/Nobel_Prize_in_Literature> },Give me all writers that won the Nobel Prize in literature.[won=dbo:award]
  ,221,award,SELECT DISTINCT ?uri WHERE { res:Douglas_Hofstadter dbo:award ?uri },Which awards did Douglas Hofstadter win? [win=dbo:award]
  ,309,award,ASK WHERE { res:Aki_Kaurism??ki dbo:award <http://dbpedia.org/resource/Grand_Prix_(Cannes_Film_Festival)> },Did Kaurism??ki ever win the Grand Prix at Cannes? [win=dbo:award]
  ,326,award,ASK WHERE { res:Nikola_Tesla dbo:award res:Nobel_Prize_in_Physics },Did Tesla win a nobel prize in physics? [win=bo:award]
write,21,author,SELECT DISTINCT ?uri WHERE { res:The_Pillars_of_the_Earth dbo:author ?uri },Who wrote the book The pillars of the Earth? [wrote=dbo:author]
  ,121,author,SELECT DISTINCT ?uri WHERE { ?uri <http://dbpedia.org/ontology/occupation> <http://dbpedia.org/resource/Poet> . ?x <http://dbpedia.org/ontology/author> ?uri . ?x <http://www.w3.org/1999/02/22-rdf-syntax-ns#type> <http://dbpedia.org/ontology/Book> . } ORDER BY DESC(COUNT(?x)) OFFSET 0 LIMIT 1,Which poet wrote the most books? [wrote=dbo:author]
  ,123,author,SELECT DISTINCT ?uri WHERE { ?uri <http://dbpedia.org/ontology/occupation> <http://dbpedia.org/resource/Musician> . ?x <http://dbpedia.org/ontology/author> ?uri . ?x <http://www.w3.org/1999/02/22-rdf-syntax-ns#type> <http://dbpedia.org/ontology/Book> . } ORDER BY DESC(COUNT(?x)) OFFSET 0 LIMIT 1,Which musician wrote the most books? [wrote=dbo:author]
  ,129,author,SELECT DISTINCT ?uri WHERE { <http://dbpedia.org/resource/The_Hunger_Games> <http://dbpedia.org/property/author> ?uri },Who wrote The Hunger Games? [wrote=dbo:author]
  ,195,author,SELECT DISTINCT ?uri WHERE { res:The_Pillars_of_the_Earth dbo:author ?uri },Who wrote the book Les Piliers de la terre? [wrote=dbo:author]
  ,335,author,SELECT DISTINCT ?uri WHERE { res:The_Pillars_of_the_Earth dbo:author ?uri },Who wrote the book The Pillars of the Earth? [wrote=dbo:author]
  ,379,writer,SELECT DISTINCT ?uri WHERE { res:Hotel_California dbo:writer ?uri },Who wrote the song Hotel California? [wrote=dbo:writer]
  ,383,author,SELECT DISTINCT ?uri WHERE { ?uri rdf:type dbo:Book $ dbo:author res:Muhammad_Ali },Show me the book that Muhammad Ali wrote. [wrote=dbo:author]
  ,397,composer,SELECT DISTINCT ?uri WHERE { res:Game_of_Thrones dbo:composer ?uri },Who wrote the Game of Thrones theme? [wrote=dbo:composer]
  ,401,editor,SELECT ?uri WHERE { <http://dbpedia.org/resource/Farmers'_Almanac> dbp:editor ?uri },Who writes the Farmers' Almanac? [writes=dbp:editor]
written_by,109,author,SELECT DISTINCT ?uri WHERE { ?uri a <http://dbpedia.org/ontology/Book> $ <http://dbpedia.org/ontology/author> <http://dbpedia.org/resource/Danielle_Steel> },Give me all books written by Danielle Steel. [written_by=dbo:author]
  ,119,author,SELECT ?books WHERE { ?books dbo:author <http://dbpedia.org/resource/John_Green_(author)> },What other books have been written by the author of The Fault in Our Stars? [written_by=dbo:author]
